Task Name,Start Date,End Date,Assigned To,Status,% Complete,Category,Notes
Notice to Proceed / Baseline Schedule Approved,07/20/2026,07/20/2026,Owner/HCI,Not Started,0.00,Preconstruction,"Baseline start used for production schedule; update when NTP is formal. [milestone:yes, critical:yes]"
Confirm controlling drawing set for construction/bid issue,07/21/2026,07/22/2026,HCI,Not Started,0.00,Preconstruction,Drawing reconciliation item from Master Memory. [critical:yes]
Weekly PM schedule update #1,07/21/2026,07/21/2026,HCI,Not Started,0.00,Weekly Updates,Recurring status update milestone for maintainable weekly schedule. [milestone:yes]
Weekly PM schedule update #2,07/21/2026,07/21/2026,HCI,Not Started,0.00,Weekly Updates,Recurring status update milestone for maintainable weekly schedule. [milestone:yes]
Weekly PM schedule update #3,07/21/2026,07/21/2026,HCI,Not Started,0.00,Weekly Updates,Recurring status update milestone for maintainable weekly schedule. [milestone:yes]
Weekly PM schedule update #4,07/21/2026,07/21/2026,HCI,Not Started,0.00,Weekly Updates,Recurring status update milestone for maintainable weekly schedule. [milestone:yes]
Weekly PM schedule update #5,07/21/2026,07/21/2026,HCI,Not Started,0.00,Weekly Updates,Recurring status update milestone for maintainable weekly schedule. [milestone:yes]
Weekly PM schedule update #6,07/21/2026,07/21/2026,HCI,Not Started,0.00,Weekly Updates,Recurring status update milestone for maintainable weekly schedule. [milestone:yes]
Weekly PM schedule update #7,07/21/2026,07/21/2026,HCI,Not Started,0.00,Weekly Updates,Recurring status update milestone for maintainable weekly schedule. [milestone:yes]
Weekly PM schedule update #8,07/21/2026,07/21/2026,HCI,Not Started,0.00,Weekly Updates,Recurring status update milestone for maintainable weekly schedule. [milestone:yes]
Weekly PM schedule update #9,07/21/2026,07/21/2026,HCI,Not Started,0.00,Weekly Updates,Recurring status update milestone for maintainable weekly schedule. [milestone:yes]
Weekly PM schedule update #10,07/21/2026,07/21/2026,HCI,Not Started,0.00,Weekly Updates,Recurring status update milestone for maintainable weekly schedule. [milestone:yes]
Weekly PM schedule update #11,07/21/2026,07/21/2026,HCI,Not Started,0.00,Weekly Updates,Recurring status update milestone for maintainable weekly schedule. [milestone:yes]
Weekly PM schedule update #12,07/21/2026,07/21/2026,HCI,Not Started,0.00,Weekly Updates,Recurring status update milestone for maintainable weekly schedule. [milestone:yes]
Weekly PM schedule update #13,07/21/2026,07/21/2026,HCI,Not Started,0.00,Weekly Updates,Recurring status update milestone for maintainable weekly schedule. [milestone:yes]
Weekly PM schedule update #14,07/21/2026,07/21/2026,HCI,Not Started,0.00,Weekly Updates,Recurring status update milestone for maintainable weekly schedule. [milestone:yes]
Weekly PM schedule update #15,07/21/2026,07/21/2026,HCI,Not Started,0.00,Weekly Updates,Recurring status update milestone for maintainable weekly schedule. [milestone:yes]
Weekly PM schedule update #16,07/21/2026,07/21/2026,HCI,Not Started,0.00,Weekly Updates,Recurring status update milestone for maintainable weekly schedule. [milestone:yes]
Weekly PM schedule update #17,07/21/2026,07/21/2026,HCI,Not Started,0.00,Weekly Updates,Recurring status update milestone for maintainable weekly schedule. [milestone:yes]
Weekly PM schedule update #18,07/21/2026,07/21/2026,HCI,Not Started,0.00,Weekly Updates,Recurring status update milestone for maintainable weekly schedule. [milestone:yes]
Weekly PM schedule update #19,07/21/2026,07/21/2026,HCI,Not Started,0.00,Weekly Updates,Recurring status update milestone for maintainable weekly schedule. [milestone:yes]
Weekly PM schedule update #20,07/21/2026,07/21/2026,HCI,Not Started,0.00,Weekly Updates,Recurring status update milestone for maintainable weekly schedule. [milestone:yes]
Confirm Updated A3.1/A3.2 superseding status,07/23/2026,07/23/2026,HCI,Not Started,0.00,Preconstruction,RFI-001 linked. [critical:yes]
Confirm landscape concept scope status,07/24/2026,07/24/2026,HCI,Not Started,0.00,Preconstruction,RFI-006 linked.
Confirm Board of Adjustment variance approval status,07/27/2026,07/29/2026,HCI,Not Started,0.00,Preconstruction,Permit/variance risk from Master Memory. [critical:yes]
Confirm building permit status and conditions,07/30/2026,08/03/2026,HCI,Not Started,0.00,Preconstruction,Required before mobilization. [critical:yes]
Review BOA conditions and load into contracts,08/04/2026,08/05/2026,HCI,Not Started,0.00,Preconstruction,Contract/scope risk. [critical:yes]
Confirm survey/layout control and ROW constraints,08/06/2026,08/07/2026,HCI,Not Started,0.00,Preconstruction,Survey control before site work. [critical:yes]
Confirm geotechnical/soils engineer scope,08/10/2026,08/11/2026,HCI,Not Started,0.00,Preconstruction,Footing hold point. [critical:yes]
Confirm testing agency/special inspections scope,08/12/2026,08/13/2026,HCI,Not Started,0.00,Preconstruction,Concrete and compaction inspections. [critical:yes]
Retaining wall engineering review,08/14/2026,08/20/2026,HCI,Not Started,0.00,Preconstruction,Open design item. [critical:yes]
Confirm concrete exposure class schedule,08/21/2026,08/24/2026,HCI,Not Started,0.00,Preconstruction,F3/C2/W1 for deicing exposure where applicable. [critical:yes]
Confirm drainage discharge route,08/25/2026,08/28/2026,HCI,Not Started,0.00,Preconstruction,Major coordination item. [critical:yes]
Confirm site utility conflict plan,08/31/2026,09/02/2026,HCI,Not Started,0.00,Preconstruction,Requires locate/potholing. [critical:yes]
Finalize construction logistics and staging plan,09/03/2026,09/07/2026,HCI,Not Started,0.00,Preconstruction,Eastwood Drive bifurcates site.
Finalize bid package scope matrix,09/08/2026,09/10/2026,HCI,Not Started,0.00,Preconstruction,Aligns ROM and schedule.
Issue addenda / clarifications to bidders,09/11/2026,09/11/2026,HCI,Not Started,0.00,Preconstruction,As needed.
Bid review and leveling meeting,09/14/2026,09/16/2026,HCI,Not Started,0.00,Preconstruction,Scope and exclusions review.
Award critical path trades,09/17/2026,09/18/2026,HCI,Not Started,0.00,Preconstruction,"BP-31, BP-03, BP-07, BP-33 first. [critical:yes]"
Release procurement for critical path materials,09/21/2026,09/21/2026,HCI,Not Started,0.00,Preconstruction,"Rebar, concrete mix, drainage, waterproofing. [critical:yes]"
RFI-001 Drawing set controls for bidding/construction,09/22/2026,09/22/2026,Architect,Not Started,0.00,RFI / Coordination,"Tracked RFI milestone from Master Memory. [milestone:yes, critical:yes]"
RFI-002 Final engineered retaining wall drawings issued,09/22/2026,09/22/2026,Structural,Not Started,0.00,RFI / Coordination,"Tracked RFI milestone from Master Memory. [milestone:yes, critical:yes]"
RFI-003 Approved drainage discharge route,09/22/2026,09/22/2026,Civil,Not Started,0.00,RFI / Coordination,"Tracked RFI milestone from Master Memory. [milestone:yes, critical:yes]"
RFI-004 Known utility conflicts at walls/parking/lightwell/drainage,09/22/2026,09/22/2026,Utilities,Not Started,0.00,RFI / Coordination,"Tracked RFI milestone from Master Memory. [milestone:yes, critical:yes]"
RFI-005 Railing option/material/finish and LF,09/22/2026,09/22/2026,Architect/Owner,Not Started,0.00,RFI / Coordination,Tracked RFI milestone from Master Memory. [milestone:yes]
RFI-006 Landscape/hardscape selections final,09/22/2026,09/22/2026,Landscape/Owner,Not Started,0.00,RFI / Coordination,Tracked RFI milestone from Master Memory. [milestone:yes]
RFI-007 Concrete exposure class by exterior element,09/22/2026,09/22/2026,Structural,Not Started,0.00,RFI / Coordination,"Tracked RFI milestone from Master Memory. [milestone:yes, critical:yes]"
RFI-008 Responsibility for soils/testing/special inspections,09/22/2026,09/22/2026,Owner/PM,Not Started,0.00,RFI / Coordination,"Tracked RFI milestone from Master Memory. [milestone:yes, critical:yes]"
RFI-009 ROW/staging/traffic control approvals,09/22/2026,09/22/2026,PM,Not Started,0.00,RFI / Coordination,Tracked RFI milestone from Master Memory. [milestone:yes]
RFI-010 Permit/BOA conditions for construction/bids,09/22/2026,09/22/2026,PM,Not Started,0.00,RFI / Coordination,"Tracked RFI milestone from Master Memory. [milestone:yes, critical:yes]"
Owner decision: approve ROM budget and alternates,09/22/2026,09/22/2026,Owner,Not Started,0.00,Owner Decisions,"Decision milestone linked to procurement/scope. [milestone:yes, critical:yes]"
Owner decision: railing system cable/mesh/hybrid,09/22/2026,09/22/2026,Owner/Architect,Not Started,0.00,Owner Decisions,Decision milestone linked to procurement/scope. [milestone:yes]
Owner decision: decking material / finish,09/22/2026,09/22/2026,Owner/Architect,Not Started,0.00,Owner Decisions,Decision milestone linked to procurement/scope. [milestone:yes]
Owner decision: exterior lighting fixtures / controls,09/22/2026,09/22/2026,Owner/Architect,Not Started,0.00,Owner Decisions,Decision milestone linked to procurement/scope. [milestone:yes]
Owner decision: flagstone/pavers/gravel selection,09/22/2026,09/22/2026,Owner/Landscape,Not Started,0.00,Owner Decisions,Decision milestone linked to procurement/scope. [milestone:yes]
Owner decision: planter/corten/fire bowl scope,09/22/2026,09/22/2026,Owner/Landscape,Not Started,0.00,Owner Decisions,Decision milestone linked to procurement/scope. [milestone:yes]
Owner decision: landscape planting palette,09/22/2026,09/22/2026,Owner/Landscape,Not Started,0.00,Owner Decisions,Decision milestone linked to procurement/scope. [milestone:yes]
Owner decision: snowmelt extent at concrete stairs,09/22/2026,09/22/2026,Owner/MEP,Not Started,0.00,Owner Decisions,Decision milestone linked to procurement/scope. [milestone:yes]
BP-31 Earthwork/excavation/drainage scope review complete,09/22/2026,09/23/2026,BP-31,Not Started,0.00,Procurement,Procurement/buyout activity aligned with Master Memory priority. [critical:yes]
BP-05 Misc metals/guardrails scope review complete,09/22/2026,09/23/2026,BP-05,Not Started,0.00,Procurement,Procurement/buyout activity aligned with Master Memory priority.
BP-05 Award metals/guardrails,09/22/2026,09/22/2026,BP-05,Not Started,0.00,Procurement,Procurement/buyout activity aligned with Master Memory priority.
BP-06 Deck/wood stair/carpentry scope review complete,09/22/2026,09/23/2026,BP-06,Not Started,0.00,Procurement,Procurement/buyout activity aligned with Master Memory priority.
BP-06 Award deck/wood stair/carpentry,09/22/2026,09/22/2026,BP-06,Not Started,0.00,Procurement,Procurement/buyout activity aligned with Master Memory priority.
BP-32 Landscape/hardscape/pavers/irrigation scope review complete,09/22/2026,09/23/2026,BP-32,Not Started,0.00,Procurement,Procurement/buyout activity aligned with Master Memory priority.
BP-32 Award landscape/hardscape,09/22/2026,09/22/2026,BP-32,Not Started,0.00,Procurement,Procurement/buyout activity aligned with Master Memory priority.
BP-26 Electrical/exterior lighting/low voltage scope review complete,09/22/2026,09/23/2026,BP-26,Not Started,0.00,Procurement,Procurement/buyout activity aligned with Master Memory priority.
BP-26 Award electrical/low voltage,09/22/2026,09/22/2026,BP-26,Not Started,0.00,Procurement,Procurement/buyout activity aligned with Master Memory priority.
BP-02 Demo/existing removals scope review complete,09/22/2026,09/23/2026,BP-02,Not Started,0.00,Procurement,Procurement/buyout activity aligned with Master Memory priority.
BP-02 Award demolition,09/22/2026,09/22/2026,BP-02,Not Started,0.00,Procurement,Procurement/buyout activity aligned with Master Memory priority.
BP-01 General requirements/logistics finalized,09/22/2026,09/23/2026,BP-01,Not Started,0.00,Procurement,Procurement/buyout activity aligned with Master Memory priority.
Railing shop drawings submitted,09/22/2026,09/30/2026,BP-05,Not Started,0.00,Procurement,Procurement/buyout activity aligned with Master Memory priority.
Railing shop drawings approved,09/22/2026,09/28/2026,BP-05,Not Started,0.00,Procurement,Procurement/buyout activity aligned with Master Memory priority.
Railing fabrication,09/22/2026,10/12/2026,BP-05,Not Started,0.00,Procurement,Procurement/buyout activity aligned with Master Memory priority.
Deck material release,09/22/2026,09/28/2026,BP-06,Not Started,0.00,Procurement,Procurement/buyout activity aligned with Master Memory priority.
Lighting fixture release,09/22/2026,10/05/2026,BP-26,Not Started,0.00,Procurement,Procurement/buyout activity aligned with Master Memory priority.
Landscape/hardscape material release,09/22/2026,10/05/2026,BP-32,Not Started,0.00,Procurement,Procurement/buyout activity aligned with Master Memory priority.
"Mobilize superintendent, crews, and equipment",09/22/2026,09/23/2026,HCI,Not Started,0.00,Mobilization,Start of field work after permit/NTP and critical awards. [critical:yes]
BP-31 Award earthwork/excavation/drainage,09/24/2026,09/24/2026,BP-31,Not Started,0.00,Procurement,Procurement/buyout activity aligned with Master Memory priority. [critical:yes]
Pre-mobilization safety plan review,09/24/2026,09/24/2026,HCI,Not Started,0.00,3100 Mobilization / Site Controls,Production activity for weekly PM schedule updates. [critical:yes]
BP-03 Concrete/retaining wall/lightwell scope review complete,09/25/2026,09/28/2026,BP-03,Not Started,0.00,Procurement,Procurement/buyout activity aligned with Master Memory priority. [critical:yes]
Jobsite kickoff with foreman/trades,09/25/2026,09/25/2026,HCI,Not Started,0.00,3100 Mobilization / Site Controls,Production activity for weekly PM schedule updates. [critical:yes]
Install project signage,09/28/2026,09/28/2026,HCI,Not Started,0.00,3100 Mobilization / Site Controls,Production activity for weekly PM schedule updates. [critical:yes]
BP-03 Award concrete/retaining walls/lightwell,09/29/2026,09/29/2026,BP-03,Not Started,0.00,Procurement,Procurement/buyout activity aligned with Master Memory priority. [critical:yes]
Install construction fencing,09/29/2026,09/29/2026,HCI,Not Started,0.00,3100 Mobilization / Site Controls,Production activity for weekly PM schedule updates. [critical:yes]
BP-07 Waterproofing/drainage protection scope review complete,09/30/2026,10/01/2026,BP-07,Not Started,0.00,Procurement,Procurement/buyout activity aligned with Master Memory priority. [critical:yes]
Install pedestrian/driveway controls,09/30/2026,09/30/2026,HCI,Not Started,0.00,3100 Mobilization / Site Controls,Production activity for weekly PM schedule updates. [critical:yes]
Install erosion control,10/01/2026,10/01/2026,HCI,Not Started,0.00,3100 Mobilization / Site Controls,Production activity for weekly PM schedule updates. [critical:yes]
BP-07 Award waterproofing/drainage protection,10/02/2026,10/02/2026,BP-07,Not Started,0.00,Procurement,Procurement/buyout activity aligned with Master Memory priority. [critical:yes]
Install inlet protection,10/02/2026,10/02/2026,HCI,Not Started,0.00,3100 Mobilization / Site Controls,Production activity for weekly PM schedule updates. [critical:yes]
BP-33 Site utilities/drainage connections scope review complete,10/05/2026,10/06/2026,BP-33,Not Started,0.00,Procurement,Procurement/buyout activity aligned with Master Memory priority. [critical:yes]
Install tree/landscape protection,10/05/2026,10/05/2026,HCI,Not Started,0.00,3100 Mobilization / Site Controls,Production activity for weekly PM schedule updates. [critical:yes]
Establish laydown area,10/06/2026,10/06/2026,HCI,Not Started,0.00,3100 Mobilization / Site Controls,Production activity for weekly PM schedule updates. [critical:yes]
BP-33 Award site utilities/drainage connections,10/07/2026,10/07/2026,BP-33,Not Started,0.00,Procurement,Procurement/buyout activity aligned with Master Memory priority. [critical:yes]
Establish material delivery route,10/07/2026,10/07/2026,HCI,Not Started,0.00,3100 Mobilization / Site Controls,Production activity for weekly PM schedule updates. [critical:yes]
Concrete mix design submitted,10/08/2026,10/12/2026,BP-03,Not Started,0.00,Procurement,Procurement/buyout activity aligned with Master Memory priority. [critical:yes]
Set temporary storage,10/08/2026,10/08/2026,HCI,Not Started,0.00,3100 Mobilization / Site Controls,Production activity for weekly PM schedule updates. [critical:yes]
Daily cleanup plan implemented,10/09/2026,10/09/2026,HCI,Not Started,0.00,3100 Mobilization / Site Controls,Production activity for weekly PM schedule updates. [critical:yes]
Preconstruction photo documentation,10/12/2026,10/12/2026,HCI,Not Started,0.00,3100 Mobilization / Site Controls,Production activity for weekly PM schedule updates. [critical:yes]
Concrete mix design reviewed/approved,10/13/2026,10/15/2026,BP-03,Not Started,0.00,Procurement,Procurement/buyout activity aligned with Master Memory priority. [critical:yes]
Neighbor/property protection review,10/13/2026,10/13/2026,HCI,Not Started,0.00,3100 Mobilization / Site Controls,Production activity for weekly PM schedule updates. [critical:yes]
Utility locate request verified,10/14/2026,10/14/2026,HCI,Not Started,0.00,3100 Mobilization / Site Controls,Production activity for weekly PM schedule updates. [critical:yes]
Utility locate field markout,10/15/2026,10/15/2026,HCI,Not Started,0.00,3100 Mobilization / Site Controls,Production activity for weekly PM schedule updates. [critical:yes]
Rebar shop drawings submitted,10/16/2026,10/22/2026,BP-03,Not Started,0.00,Procurement,Procurement/buyout activity aligned with Master Memory priority. [critical:yes]
Potholing mobilization,10/16/2026,10/16/2026,HCI,Not Started,0.00,3100 Mobilization / Site Controls,Production activity for weekly PM schedule updates. [critical:yes]
Pothole utility crossings at wall area,10/19/2026,10/20/2026,HCI,Not Started,0.00,3100 Mobilization / Site Controls,Production activity for weekly PM schedule updates. [critical:yes]
Pothole utility crossings at parking area,10/21/2026,10/22/2026,HCI,Not Started,0.00,3100 Mobilization / Site Controls,Production activity for weekly PM schedule updates. [critical:yes]
Rebar shop drawings reviewed/approved,10/23/2026,10/29/2026,BP-03,Not Started,0.00,Procurement,Procurement/buyout activity aligned with Master Memory priority. [critical:yes]
Survey control setup,10/23/2026,10/23/2026,HCI,Not Started,0.00,3100 Mobilization / Site Controls,Production activity for weekly PM schedule updates. [critical:yes]
Stake property/ROW limits,10/26/2026,10/26/2026,HCI,Not Started,0.00,3100 Mobilization / Site Controls,Production activity for weekly PM schedule updates. [critical:yes]
Stake wall/control lines,10/27/2026,10/27/2026,HCI,Not Started,0.00,3100 Mobilization / Site Controls,Production activity for weekly PM schedule updates. [critical:yes]
Stake parking and entry work limits,10/28/2026,10/28/2026,HCI,Not Started,0.00,3100 Mobilization / Site Controls,Production activity for weekly PM schedule updates. [critical:yes]
Mobilization quality/safety hold point,10/29/2026,10/29/2026,HCI,Not Started,0.00,3100 Mobilization / Site Controls,"Production activity for weekly PM schedule updates. [milestone:yes, critical:yes]"
Rebar fabrication/release,10/30/2026,11/09/2026,BP-03,Not Started,0.00,Procurement,Procurement/buyout activity aligned with Master Memory priority. [critical:yes]
Demolition pre-task plan,10/30/2026,10/30/2026,HCI,Not Started,0.00,3200 Selective Demolition / Removals,Production activity for weekly PM schedule updates. [critical:yes]
Protect existing residence and exterior finishes,11/02/2026,11/02/2026,HCI,Not Started,0.00,3200 Selective Demolition / Removals,Production activity for weekly PM schedule updates. [critical:yes]
Protect existing deck/entry elements to remain,11/03/2026,11/03/2026,HCI,Not Started,0.00,3200 Selective Demolition / Removals,Production activity for weekly PM schedule updates. [critical:yes]
Disconnect/secure exterior lighting in demo area,11/04/2026,11/04/2026,HCI,Not Started,0.00,3200 Selective Demolition / Removals,Production activity for weekly PM schedule updates. [critical:yes]
Remove existing deck surface/components,11/05/2026,11/06/2026,HCI,Not Started,0.00,3200 Selective Demolition / Removals,Production activity for weekly PM schedule updates. [critical:yes]
Remove existing deck framing as required,11/09/2026,11/10/2026,HCI,Not Started,0.00,3200 Selective Demolition / Removals,Production activity for weekly PM schedule updates. [critical:yes]
Waterproofing product data submitted,11/10/2026,11/12/2026,BP-07,Not Started,0.00,Procurement,Procurement/buyout activity aligned with Master Memory priority. [critical:yes]
Remove existing wood stair,11/11/2026,11/12/2026,HCI,Not Started,0.00,3200 Selective Demolition / Removals,Production activity for weekly PM schedule updates. [critical:yes]
Waterproofing product data approved,11/13/2026,11/17/2026,BP-07,Not Started,0.00,Procurement,Procurement/buyout activity aligned with Master Memory priority. [critical:yes]
Remove existing exterior stairs at wall area,11/13/2026,11/16/2026,HCI,Not Started,0.00,3200 Selective Demolition / Removals,Production activity for weekly PM schedule updates. [critical:yes]
Remove existing railroad tie wall section A,11/17/2026,11/18/2026,HCI,Not Started,0.00,3200 Selective Demolition / Removals,Production activity for weekly PM schedule updates. [critical:yes]
Drainage materials released,11/18/2026,11/20/2026,BP-33,Not Started,0.00,Procurement,Procurement/buyout activity aligned with Master Memory priority. [critical:yes]
Remove existing railroad tie wall section B,11/19/2026,11/20/2026,HCI,Not Started,0.00,3200 Selective Demolition / Removals,Production activity for weekly PM schedule updates. [critical:yes]
Remove existing railroad tie wall section C,11/23/2026,11/24/2026,HCI,Not Started,0.00,3200 Selective Demolition / Removals,Production activity for weekly PM schedule updates. [critical:yes]
Remove existing hardscape/pavers as required,11/25/2026,11/26/2026,HCI,Not Started,0.00,3200 Selective Demolition / Removals,Production activity for weekly PM schedule updates. [critical:yes]
Remove existing gravel/parking material at work area,11/27/2026,11/27/2026,HCI,Not Started,0.00,3200 Selective Demolition / Removals,Production activity for weekly PM schedule updates. [critical:yes]
Remove existing landscape/plantings in work area,11/30/2026,12/01/2026,HCI,Not Started,0.00,3200 Selective Demolition / Removals,Production activity for weekly PM schedule updates. [critical:yes]
Sawcut/selectively remove concrete flatwork,12/02/2026,12/02/2026,HCI,Not Started,0.00,3200 Selective Demolition / Removals,Production activity for weekly PM schedule updates. [critical:yes]
Remove concrete/flatwork fragments,12/03/2026,12/04/2026,HCI,Not Started,0.00,3200 Selective Demolition / Removals,Production activity for weekly PM schedule updates. [critical:yes]
Sort salvageable stone/material if directed,12/07/2026,12/07/2026,HCI,Not Started,0.00,3200 Selective Demolition / Removals,Production activity for weekly PM schedule updates. [critical:yes]
Load demolition debris,12/08/2026,12/08/2026,HCI,Not Started,0.00,3200 Selective Demolition / Removals,Production activity for weekly PM schedule updates. [critical:yes]
Haul off demolition debris,12/09/2026,12/10/2026,HCI,Not Started,0.00,3200 Selective Demolition / Removals,Production activity for weekly PM schedule updates. [critical:yes]
Demolition cleanup and sweep,12/11/2026,12/11/2026,HCI,Not Started,0.00,3200 Selective Demolition / Removals,Production activity for weekly PM schedule updates. [critical:yes]
Demolition completion inspection,12/14/2026,12/14/2026,HCI,Not Started,0.00,3200 Selective Demolition / Removals,"Production activity for weekly PM schedule updates. [milestone:yes, critical:yes]"
Excavation pre-task plan,12/15/2026,12/15/2026,HCI,Not Started,0.00,3300 Earthwork / Excavation,Production activity for weekly PM schedule updates. [critical:yes]
Confirm excavation limits with survey,12/16/2026,12/16/2026,HCI,Not Started,0.00,3300 Earthwork / Excavation,Production activity for weekly PM schedule updates. [critical:yes]
Strip topsoil/organics,12/17/2026,12/17/2026,HCI,Not Started,0.00,3300 Earthwork / Excavation,Production activity for weekly PM schedule updates. [critical:yes]
Stockpile reusable topsoil if suitable,12/18/2026,12/18/2026,HCI,Not Started,0.00,3300 Earthwork / Excavation,Production activity for weekly PM schedule updates. [critical:yes]
Excavate wall zone section A,12/21/2026,12/22/2026,HCI,Not Started,0.00,3300 Earthwork / Excavation,Production activity for weekly PM schedule updates. [critical:yes]
Excavate wall zone section B,12/23/2026,12/24/2026,HCI,Not Started,0.00,3300 Earthwork / Excavation,Production activity for weekly PM schedule updates. [critical:yes]
Excavate wall zone section C,12/25/2026,12/28/2026,HCI,Not Started,0.00,3300 Earthwork / Excavation,Production activity for weekly PM schedule updates. [critical:yes]
Excavate stepped wall zone,12/29/2026,12/30/2026,HCI,Not Started,0.00,3300 Earthwork / Excavation,Production activity for weekly PM schedule updates. [critical:yes]
Excavate lightwell/egress area,12/31/2026,01/01/2027,HCI,Not Started,0.00,3300 Earthwork / Excavation,Production activity for weekly PM schedule updates. [critical:yes]
Excavate concrete stair area,01/04/2027,01/04/2027,HCI,Not Started,0.00,3300 Earthwork / Excavation,Production activity for weekly PM schedule updates. [critical:yes]
Excavate parking reconstruction area,01/05/2027,01/06/2027,HCI,Not Started,0.00,3300 Earthwork / Excavation,Production activity for weekly PM schedule updates. [critical:yes]
Excavate planter/curb area,01/07/2027,01/07/2027,HCI,Not Started,0.00,3300 Earthwork / Excavation,Production activity for weekly PM schedule updates. [critical:yes]
Excavate front walk/paver base area,01/08/2027,01/08/2027,HCI,Not Started,0.00,3300 Earthwork / Excavation,Production activity for weekly PM schedule updates. [critical:yes]
Excavate drainage trench run A,01/11/2027,01/12/2027,HCI,Not Started,0.00,3300 Earthwork / Excavation,Production activity for weekly PM schedule updates. [critical:yes]
Excavate drainage trench run B,01/13/2027,01/14/2027,HCI,Not Started,0.00,3300 Earthwork / Excavation,Production activity for weekly PM schedule updates. [critical:yes]
Excavate utility/drainage tie-in area,01/15/2027,01/15/2027,HCI,Not Started,0.00,3300 Earthwork / Excavation,Production activity for weekly PM schedule updates. [critical:yes]
Load/export excess material,01/18/2027,01/20/2027,HCI,Not Started,0.00,3300 Earthwork / Excavation,Production activity for weekly PM schedule updates. [critical:yes]
Import structural fill as required,01/21/2027,01/22/2027,HCI,Not Started,0.00,3300 Earthwork / Excavation,Production activity for weekly PM schedule updates. [critical:yes]
Maintain safe excavation/access,01/25/2027,01/25/2027,HCI,Not Started,0.00,3300 Earthwork / Excavation,Production activity for weekly PM schedule updates. [critical:yes]
Proof roll wall footing subgrade,01/26/2027,01/26/2027,HCI,Not Started,0.00,3300 Earthwork / Excavation,Production activity for weekly PM schedule updates. [critical:yes]
Soils engineer inspect exposed bearing soils,01/27/2027,01/27/2027,HCI,Not Started,0.00,3300 Earthwork / Excavation,"Production activity for weekly PM schedule updates. [milestone:yes, critical:yes]"
Structural engineer verbal summary after soils review,01/28/2027,01/28/2027,HCI,Not Started,0.00,3300 Earthwork / Excavation,"Production activity for weekly PM schedule updates. [milestone:yes, critical:yes]"
Unsuitable soils correction allowance,01/29/2027,02/02/2027,HCI,Not Started,0.00,3300 Earthwork / Excavation,Production activity for weekly PM schedule updates. [critical:yes]
Final footing subgrade prep,02/03/2027,02/03/2027,HCI,Not Started,0.00,3300 Earthwork / Excavation,Production activity for weekly PM schedule updates. [critical:yes]
Earthwork as-built/control check,02/04/2027,02/04/2027,HCI,Not Started,0.00,3300 Earthwork / Excavation,Production activity for weekly PM schedule updates. [critical:yes]
Drainage pre-task plan,02/05/2027,02/05/2027,HCI,Not Started,0.00,3400 Drainage / Site Utilities,Production activity for weekly PM schedule updates. [critical:yes]
Confirm drainage discharge route in field,02/08/2027,02/08/2027,HCI,Not Started,0.00,3400 Drainage / Site Utilities,Production activity for weekly PM schedule updates. [critical:yes]
Layout drain tile elevations,02/09/2027,02/09/2027,HCI,Not Started,0.00,3400 Drainage / Site Utilities,Production activity for weekly PM schedule updates. [critical:yes]
Install perforated wall drain pipe run A,02/10/2027,02/10/2027,HCI,Not Started,0.00,3400 Drainage / Site Utilities,Production activity for weekly PM schedule updates. [critical:yes]
Install perforated wall drain pipe run B,02/11/2027,02/11/2027,HCI,Not Started,0.00,3400 Drainage / Site Utilities,Production activity for weekly PM schedule updates. [critical:yes]
Install perforated wall drain pipe run C,02/12/2027,02/12/2027,HCI,Not Started,0.00,3400 Drainage / Site Utilities,Production activity for weekly PM schedule updates. [critical:yes]
Install lightwell drainage,02/15/2027,02/16/2027,HCI,Not Started,0.00,3400 Drainage / Site Utilities,Production activity for weekly PM schedule updates. [critical:yes]
Install solid storm pipe run A,02/17/2027,02/18/2027,HCI,Not Started,0.00,3400 Drainage / Site Utilities,Production activity for weekly PM schedule updates. [critical:yes]
Install solid storm pipe run B,02/19/2027,02/22/2027,HCI,Not Started,0.00,3400 Drainage / Site Utilities,Production activity for weekly PM schedule updates. [critical:yes]
Install cleanouts,02/23/2027,02/23/2027,HCI,Not Started,0.00,3400 Drainage / Site Utilities,Production activity for weekly PM schedule updates. [critical:yes]
Install catch basins/area drains,02/24/2027,02/25/2027,HCI,Not Started,0.00,3400 Drainage / Site Utilities,Production activity for weekly PM schedule updates. [critical:yes]
Install drainage sleeves through/under walls,02/26/2027,02/26/2027,HCI,Not Started,0.00,3400 Drainage / Site Utilities,Production activity for weekly PM schedule updates. [critical:yes]
Protect existing utilities at crossings,03/01/2027,03/01/2027,HCI,Not Started,0.00,3400 Drainage / Site Utilities,Production activity for weekly PM schedule updates. [critical:yes]
Place filter fabric,03/02/2027,03/02/2027,HCI,Not Started,0.00,3400 Drainage / Site Utilities,Production activity for weekly PM schedule updates. [critical:yes]
Place drain rock at drain tile,03/03/2027,03/03/2027,HCI,Not Started,0.00,3400 Drainage / Site Utilities,Production activity for weekly PM schedule updates. [critical:yes]
Drainage rough-in inspection before cover,03/04/2027,03/04/2027,HCI,Not Started,0.00,3400 Drainage / Site Utilities,"Production activity for weekly PM schedule updates. [milestone:yes, critical:yes]"
Record drainage invert/as-built elevations,03/05/2027,03/05/2027,HCI,Not Started,0.00,3400 Drainage / Site Utilities,Production activity for weekly PM schedule updates. [critical:yes]
Backfill drainage trenches,03/08/2027,03/08/2027,HCI,Not Started,0.00,3400 Drainage / Site Utilities,Production activity for weekly PM schedule updates. [critical:yes]
Drainage as-built markups complete,03/09/2027,03/09/2027,HCI,Not Started,0.00,3400 Drainage / Site Utilities,"Production activity for weekly PM schedule updates. [milestone:yes, critical:yes]"
Concrete pre-task plan,03/10/2027,03/10/2027,HCI,Not Started,0.00,3500 Retaining Wall / Concrete Structural,Production activity for weekly PM schedule updates. [critical:yes]
Review approved rebar shop drawings in field,03/11/2027,03/11/2027,HCI,Not Started,0.00,3500 Retaining Wall / Concrete Structural,Production activity for weekly PM schedule updates. [critical:yes]
Layout retaining wall footings,03/12/2027,03/12/2027,HCI,Not Started,0.00,3500 Retaining Wall / Concrete Structural,Production activity for weekly PM schedule updates. [critical:yes]
Form footing section A,03/15/2027,03/15/2027,HCI,Not Started,0.00,3500 Retaining Wall / Concrete Structural,Production activity for weekly PM schedule updates. [critical:yes]
Form footing section B,03/16/2027,03/16/2027,HCI,Not Started,0.00,3500 Retaining Wall / Concrete Structural,Production activity for weekly PM schedule updates. [critical:yes]
Form footing section C,03/17/2027,03/17/2027,HCI,Not Started,0.00,3500 Retaining Wall / Concrete Structural,Production activity for weekly PM schedule updates. [critical:yes]
Install footing reinforcing section A,03/18/2027,03/18/2027,HCI,Not Started,0.00,3500 Retaining Wall / Concrete Structural,Production activity for weekly PM schedule updates. [critical:yes]
Install footing reinforcing section B,03/19/2027,03/19/2027,HCI,Not Started,0.00,3500 Retaining Wall / Concrete Structural,Production activity for weekly PM schedule updates. [critical:yes]
Install footing reinforcing section C,03/22/2027,03/22/2027,HCI,Not Started,0.00,3500 Retaining Wall / Concrete Structural,Production activity for weekly PM schedule updates. [critical:yes]
Set sleeves/embeds in footings,03/23/2027,03/23/2027,HCI,Not Started,0.00,3500 Retaining Wall / Concrete Structural,Production activity for weekly PM schedule updates. [critical:yes]
Footing reinforcing inspection,03/24/2027,03/24/2027,HCI,Not Started,0.00,3500 Retaining Wall / Concrete Structural,"Production activity for weekly PM schedule updates. [milestone:yes, critical:yes]"
Place footing concrete section A,03/25/2027,03/25/2027,HCI,Not Started,0.00,3500 Retaining Wall / Concrete Structural,Production activity for weekly PM schedule updates. [critical:yes]
Place footing concrete section B,03/26/2027,03/26/2027,HCI,Not Started,0.00,3500 Retaining Wall / Concrete Structural,Production activity for weekly PM schedule updates. [critical:yes]
Place footing concrete section C,03/29/2027,03/29/2027,HCI,Not Started,0.00,3500 Retaining Wall / Concrete Structural,Production activity for weekly PM schedule updates. [critical:yes]
Footing concrete cure period,03/30/2027,03/31/2027,HCI,Not Started,0.00,3500 Retaining Wall / Concrete Structural,Production activity for weekly PM schedule updates. [critical:yes]
Strip footing forms,04/01/2027,04/01/2027,HCI,Not Started,0.00,3500 Retaining Wall / Concrete Structural,Production activity for weekly PM schedule updates. [critical:yes]
Layout wall forms,04/02/2027,04/02/2027,HCI,Not Started,0.00,3500 Retaining Wall / Concrete Structural,Production activity for weekly PM schedule updates. [critical:yes]
Form retaining wall section A,04/05/2027,04/06/2027,HCI,Not Started,0.00,3500 Retaining Wall / Concrete Structural,Production activity for weekly PM schedule updates. [critical:yes]
Form retaining wall section B,04/07/2027,04/08/2027,HCI,Not Started,0.00,3500 Retaining Wall / Concrete Structural,Production activity for weekly PM schedule updates. [critical:yes]
Form retaining wall section C,04/09/2027,04/12/2027,HCI,Not Started,0.00,3500 Retaining Wall / Concrete Structural,Production activity for weekly PM schedule updates. [critical:yes]
Form stepped concrete retaining wall,04/13/2027,04/14/2027,HCI,Not Started,0.00,3500 Retaining Wall / Concrete Structural,Production activity for weekly PM schedule updates. [critical:yes]
Install wall reinforcing section A,04/15/2027,04/16/2027,HCI,Not Started,0.00,3500 Retaining Wall / Concrete Structural,Production activity for weekly PM schedule updates. [critical:yes]
Install wall reinforcing section B,04/19/2027,04/20/2027,HCI,Not Started,0.00,3500 Retaining Wall / Concrete Structural,Production activity for weekly PM schedule updates. [critical:yes]
Install wall reinforcing section C,04/21/2027,04/22/2027,HCI,Not Started,0.00,3500 Retaining Wall / Concrete Structural,Production activity for weekly PM schedule updates. [critical:yes]
Install reinforcing at openings/corners/steps,04/23/2027,04/23/2027,HCI,Not Started,0.00,3500 Retaining Wall / Concrete Structural,Production activity for weekly PM schedule updates. [critical:yes]
Install embedded sleeves/plates/attachments,04/26/2027,04/26/2027,HCI,Not Started,0.00,3500 Retaining Wall / Concrete Structural,Production activity for weekly PM schedule updates. [critical:yes]
Wall reinforcing inspection,04/27/2027,04/27/2027,HCI,Not Started,0.00,3500 Retaining Wall / Concrete Structural,"Production activity for weekly PM schedule updates. [milestone:yes, critical:yes]"
Place wall concrete section A,04/28/2027,04/28/2027,HCI,Not Started,0.00,3500 Retaining Wall / Concrete Structural,Production activity for weekly PM schedule updates. [critical:yes]
Place wall concrete section B,04/29/2027,04/29/2027,HCI,Not Started,0.00,3500 Retaining Wall / Concrete Structural,Production activity for weekly PM schedule updates. [critical:yes]
Place wall concrete section C,04/30/2027,04/30/2027,HCI,Not Started,0.00,3500 Retaining Wall / Concrete Structural,Production activity for weekly PM schedule updates. [critical:yes]
Place stepped wall concrete,05/03/2027,05/03/2027,HCI,Not Started,0.00,3500 Retaining Wall / Concrete Structural,Production activity for weekly PM schedule updates. [critical:yes]
Concrete sampling/testing during placement,05/04/2027,05/04/2027,HCI,Not Started,0.00,3500 Retaining Wall / Concrete Structural,"Production activity for weekly PM schedule updates. [milestone:yes, critical:yes]"
Wall concrete cure period,05/05/2027,05/07/2027,HCI,Not Started,0.00,3500 Retaining Wall / Concrete Structural,Production activity for weekly PM schedule updates. [critical:yes]
Strip wall forms,05/10/2027,05/11/2027,HCI,Not Started,0.00,3500 Retaining Wall / Concrete Structural,Production activity for weekly PM schedule updates. [critical:yes]
Patch/rub concrete walls,05/12/2027,05/12/2027,HCI,Not Started,0.00,3500 Retaining Wall / Concrete Structural,Production activity for weekly PM schedule updates. [critical:yes]
Construct new lightwell forms/rebar,05/13/2027,05/14/2027,HCI,Not Started,0.00,3500 Retaining Wall / Concrete Structural,Production activity for weekly PM schedule updates. [critical:yes]
Lightwell reinforcing inspection,05/17/2027,05/17/2027,HCI,Not Started,0.00,3500 Retaining Wall / Concrete Structural,"Production activity for weekly PM schedule updates. [milestone:yes, critical:yes]"
Pour new lightwell concrete,05/18/2027,05/18/2027,HCI,Not Started,0.00,3500 Retaining Wall / Concrete Structural,Production activity for weekly PM schedule updates. [critical:yes]
Construct new concrete stairs with snowmelt coordination,05/19/2027,05/21/2027,HCI,Not Started,0.00,3500 Retaining Wall / Concrete Structural,Production activity for weekly PM schedule updates. [critical:yes]
Concrete stairs inspection/cure,05/24/2027,05/25/2027,HCI,Not Started,0.00,3500 Retaining Wall / Concrete Structural,Production activity for weekly PM schedule updates. [critical:yes]
Waterproofing pre-task plan,05/26/2027,05/26/2027,HCI,Not Started,0.00,3600 Waterproofing / Wall Protection / Backfill,Production activity for weekly PM schedule updates. [critical:yes]
Prepare wall surfaces for waterproofing,05/27/2027,05/27/2027,HCI,Not Started,0.00,3600 Waterproofing / Wall Protection / Backfill,Production activity for weekly PM schedule updates. [critical:yes]
Install waterproofing membrane wall section A,05/28/2027,05/28/2027,HCI,Not Started,0.00,3600 Waterproofing / Wall Protection / Backfill,Production activity for weekly PM schedule updates. [critical:yes]
Install waterproofing membrane wall section B,05/31/2027,05/31/2027,HCI,Not Started,0.00,3600 Waterproofing / Wall Protection / Backfill,Production activity for weekly PM schedule updates. [critical:yes]
Install waterproofing membrane wall section C,06/01/2027,06/01/2027,HCI,Not Started,0.00,3600 Waterproofing / Wall Protection / Backfill,Production activity for weekly PM schedule updates. [critical:yes]
Detail penetrations and terminations,06/02/2027,06/02/2027,HCI,Not Started,0.00,3600 Waterproofing / Wall Protection / Backfill,Production activity for weekly PM schedule updates. [critical:yes]
Waterproofing inspection before protection board,06/03/2027,06/03/2027,HCI,Not Started,0.00,3600 Waterproofing / Wall Protection / Backfill,"Production activity for weekly PM schedule updates. [milestone:yes, critical:yes]"
Install protection/drain board section A,06/04/2027,06/04/2027,HCI,Not Started,0.00,3600 Waterproofing / Wall Protection / Backfill,Production activity for weekly PM schedule updates. [critical:yes]
Install protection/drain board section B,06/07/2027,06/07/2027,HCI,Not Started,0.00,3600 Waterproofing / Wall Protection / Backfill,Production activity for weekly PM schedule updates. [critical:yes]
Install protection/drain board section C,06/08/2027,06/08/2027,HCI,Not Started,0.00,3600 Waterproofing / Wall Protection / Backfill,Production activity for weekly PM schedule updates. [critical:yes]
Place drain rock behind wall section A,06/09/2027,06/09/2027,HCI,Not Started,0.00,3600 Waterproofing / Wall Protection / Backfill,Production activity for weekly PM schedule updates. [critical:yes]
Place drain rock behind wall section B,06/10/2027,06/10/2027,HCI,Not Started,0.00,3600 Waterproofing / Wall Protection / Backfill,Production activity for weekly PM schedule updates. [critical:yes]
Place drain rock behind wall section C,06/11/2027,06/11/2027,HCI,Not Started,0.00,3600 Waterproofing / Wall Protection / Backfill,Production activity for weekly PM schedule updates. [critical:yes]
Backfill wall section A in lifts,06/14/2027,06/15/2027,HCI,Not Started,0.00,3600 Waterproofing / Wall Protection / Backfill,Production activity for weekly PM schedule updates. [critical:yes]
Backfill wall section B in lifts,06/16/2027,06/17/2027,HCI,Not Started,0.00,3600 Waterproofing / Wall Protection / Backfill,Production activity for weekly PM schedule updates. [critical:yes]
Backfill wall section C in lifts,06/18/2027,06/21/2027,HCI,Not Started,0.00,3600 Waterproofing / Wall Protection / Backfill,Production activity for weekly PM schedule updates. [critical:yes]
Compaction testing wall backfill,06/22/2027,06/22/2027,HCI,Not Started,0.00,3600 Waterproofing / Wall Protection / Backfill,"Production activity for weekly PM schedule updates. [milestone:yes, critical:yes]"
Infill existing stair/wall area,06/23/2027,06/24/2027,HCI,Not Started,0.00,3600 Waterproofing / Wall Protection / Backfill,Production activity for weekly PM schedule updates. [critical:yes]
Rough grade disturbed areas,06/25/2027,06/28/2027,HCI,Not Started,0.00,3600 Waterproofing / Wall Protection / Backfill,Production activity for weekly PM schedule updates. [critical:yes]
Backfill/as-built inspection,06/29/2027,06/29/2027,HCI,Not Started,0.00,3600 Waterproofing / Wall Protection / Backfill,"Production activity for weekly PM schedule updates. [milestone:yes, critical:yes]"
Flatwork pre-task plan,06/30/2027,06/30/2027,HCI,Not Started,0.00,3700 Concrete Flatwork / Parking / Entry,Production activity for weekly PM schedule updates. [critical:yes]
Layout concrete parking area,07/01/2027,07/01/2027,HCI,Not Started,0.00,3700 Concrete Flatwork / Parking / Entry,Production activity for weekly PM schedule updates. [critical:yes]
Prep parking subbase,07/02/2027,07/05/2027,HCI,Not Started,0.00,3700 Concrete Flatwork / Parking / Entry,Production activity for weekly PM schedule updates. [critical:yes]
Set forms for parking slab,07/06/2027,07/06/2027,HCI,Not Started,0.00,3700 Concrete Flatwork / Parking / Entry,Production activity for weekly PM schedule updates. [critical:yes]
Install reinforcement for parking slab,07/07/2027,07/07/2027,HCI,Not Started,0.00,3700 Concrete Flatwork / Parking / Entry,Production activity for weekly PM schedule updates. [critical:yes]
Coordinate snow/deicing exposure concrete mix,07/08/2027,07/08/2027,HCI,Not Started,0.00,3700 Concrete Flatwork / Parking / Entry,"Production activity for weekly PM schedule updates. [milestone:yes, critical:yes]"
Flatwork inspection before pour,07/09/2027,07/09/2027,HCI,Not Started,0.00,3700 Concrete Flatwork / Parking / Entry,"Production activity for weekly PM schedule updates. [milestone:yes, critical:yes]"
Place concrete parking area,07/12/2027,07/12/2027,HCI,Not Started,0.00,3700 Concrete Flatwork / Parking / Entry,Production activity for weekly PM schedule updates. [critical:yes]
Finish/sawcut parking concrete,07/13/2027,07/13/2027,HCI,Not Started,0.00,3700 Concrete Flatwork / Parking / Entry,Production activity for weekly PM schedule updates. [critical:yes]
Cure/protect parking concrete,07/14/2027,07/16/2027,HCI,Not Started,0.00,3700 Concrete Flatwork / Parking / Entry,Production activity for weekly PM schedule updates. [critical:yes]
Layout 6 inch curb with planter,07/19/2027,07/19/2027,HCI,Not Started,0.00,3700 Concrete Flatwork / Parking / Entry,Production activity for weekly PM schedule updates. [critical:yes]
Form 6 inch curb and planter edge,07/20/2027,07/20/2027,HCI,Not Started,0.00,3700 Concrete Flatwork / Parking / Entry,Production activity for weekly PM schedule updates. [critical:yes]
Pour 6 inch curb/planter concrete,07/21/2027,07/21/2027,HCI,Not Started,0.00,3700 Concrete Flatwork / Parking / Entry,Production activity for weekly PM schedule updates. [critical:yes]
Cure/protect curb concrete,07/22/2027,07/23/2027,HCI,Not Started,0.00,3700 Concrete Flatwork / Parking / Entry,Production activity for weekly PM schedule updates. [critical:yes]
Prep front walk base,07/26/2027,07/26/2027,HCI,Not Started,0.00,3700 Concrete Flatwork / Parking / Entry,Production activity for weekly PM schedule updates. [critical:yes]
Form front walk substrate,07/27/2027,07/27/2027,HCI,Not Started,0.00,3700 Concrete Flatwork / Parking / Entry,Production activity for weekly PM schedule updates. [critical:yes]
Pour front walk substrate,07/28/2027,07/28/2027,HCI,Not Started,0.00,3700 Concrete Flatwork / Parking / Entry,Production activity for weekly PM schedule updates. [critical:yes]
Flatwork cleanup and protection,07/29/2027,07/29/2027,HCI,Not Started,0.00,3700 Concrete Flatwork / Parking / Entry,Production activity for weekly PM schedule updates. [critical:yes]
Coordinate removal of existing door/opening infill,07/30/2027,07/30/2027,HCI,Not Started,0.00,3800 Exterior Openings / Egress / Coordination,Production activity for weekly PM schedule updates. [critical:yes]
Remove existing door if required,08/02/2027,08/02/2027,HCI,Not Started,0.00,3800 Exterior Openings / Egress / Coordination,Production activity for weekly PM schedule updates. [critical:yes]
Frame/patch opening coordination,08/03/2027,08/04/2027,HCI,Not Started,0.00,3800 Exterior Openings / Egress / Coordination,Production activity for weekly PM schedule updates. [critical:yes]
Install new window in existing opening coordination,08/05/2027,08/06/2027,HCI,Not Started,0.00,3800 Exterior Openings / Egress / Coordination,Production activity for weekly PM schedule updates. [critical:yes]
New egress well interface review,08/09/2027,08/09/2027,HCI,Not Started,0.00,3800 Exterior Openings / Egress / Coordination,Production activity for weekly PM schedule updates. [critical:yes]
Sealants/flashing coordination at lightwell/openings,08/10/2027,08/10/2027,HCI,Not Started,0.00,3800 Exterior Openings / Egress / Coordination,Production activity for weekly PM schedule updates. [critical:yes]
Exterior opening water test/inspection,08/11/2027,08/11/2027,HCI,Not Started,0.00,3800 Exterior Openings / Egress / Coordination,"Production activity for weekly PM schedule updates. [milestone:yes, critical:yes]"
Carpentry pre-task plan,08/12/2027,08/12/2027,HCI,Not Started,0.00,3900 Deck / Wood Stairs / Carpentry,Production activity for weekly PM schedule updates. [critical:yes]
Confirm decking material selection,08/13/2027,08/13/2027,HCI,Not Started,0.00,3900 Deck / Wood Stairs / Carpentry,"Production activity for weekly PM schedule updates. [milestone:yes, critical:yes]"
Field verify deck dimensions,08/16/2027,08/16/2027,HCI,Not Started,0.00,3900 Deck / Wood Stairs / Carpentry,Production activity for weekly PM schedule updates. [critical:yes]
Layout new deck outline,08/17/2027,08/17/2027,HCI,Not Started,0.00,3900 Deck / Wood Stairs / Carpentry,Production activity for weekly PM schedule updates. [critical:yes]
Install ledger/post connection prep,08/18/2027,08/18/2027,HCI,Not Started,0.00,3900 Deck / Wood Stairs / Carpentry,Production activity for weekly PM schedule updates. [critical:yes]
Install deck posts/supports,08/19/2027,08/20/2027,HCI,Not Started,0.00,3900 Deck / Wood Stairs / Carpentry,Production activity for weekly PM schedule updates. [critical:yes]
Frame deck structure,08/23/2027,08/26/2027,HCI,Not Started,0.00,3900 Deck / Wood Stairs / Carpentry,Production activity for weekly PM schedule updates. [critical:yes]
Deck framing inspection,08/27/2027,08/27/2027,HCI,Not Started,0.00,3900 Deck / Wood Stairs / Carpentry,"Production activity for weekly PM schedule updates. [milestone:yes, critical:yes]"
Install deck blocking for railings,08/30/2027,08/30/2027,HCI,Not Started,0.00,3900 Deck / Wood Stairs / Carpentry,Production activity for weekly PM schedule updates. [critical:yes]
Install deck surface/decking,08/31/2027,09/02/2027,HCI,Not Started,0.00,3900 Deck / Wood Stairs / Carpentry,Production activity for weekly PM schedule updates. [critical:yes]
Frame new wood stair to lower deck,09/03/2027,09/06/2027,HCI,Not Started,0.00,3900 Deck / Wood Stairs / Carpentry,Production activity for weekly PM schedule updates. [critical:yes]
Install new wood stair treads/risers,09/07/2027,09/08/2027,HCI,Not Started,0.00,3900 Deck / Wood Stairs / Carpentry,Production activity for weekly PM schedule updates. [critical:yes]
Install stair landings/trim,09/09/2027,09/09/2027,HCI,Not Started,0.00,3900 Deck / Wood Stairs / Carpentry,Production activity for weekly PM schedule updates. [critical:yes]
Deck/stair punch and adjustments,09/10/2027,09/10/2027,HCI,Not Started,0.00,3900 Deck / Wood Stairs / Carpentry,Production activity for weekly PM schedule updates. [critical:yes]
Metals pre-task plan,09/13/2027,09/13/2027,HCI,Not Started,0.00,4000 Metals / Guardrails / Handrails,Production activity for weekly PM schedule updates. [critical:yes]
Confirm railing option selection,09/14/2027,09/14/2027,HCI,Not Started,0.00,4000 Metals / Guardrails / Handrails,"Production activity for weekly PM schedule updates. [milestone:yes, critical:yes]"
Field measure railing after deck/walls,09/15/2027,09/15/2027,HCI,Not Started,0.00,4000 Metals / Guardrails / Handrails,Production activity for weekly PM schedule updates. [critical:yes]
Receive railing materials,09/16/2027,09/16/2027,HCI,Not Started,0.00,4000 Metals / Guardrails / Handrails,"Production activity for weekly PM schedule updates. [milestone:yes, critical:yes]"
Install 42 inch guardrail at deck,09/17/2027,09/20/2027,HCI,Not Started,0.00,4000 Metals / Guardrails / Handrails,Production activity for weekly PM schedule updates. [critical:yes]
Install guardrail at retaining wall/entry as required,09/21/2027,09/22/2027,HCI,Not Started,0.00,4000 Metals / Guardrails / Handrails,Production activity for weekly PM schedule updates. [critical:yes]
Install stair handrails,09/23/2027,09/24/2027,HCI,Not Started,0.00,4000 Metals / Guardrails / Handrails,Production activity for weekly PM schedule updates. [critical:yes]
Install misc brackets/attachments,09/27/2027,09/27/2027,HCI,Not Started,0.00,4000 Metals / Guardrails / Handrails,Production activity for weekly PM schedule updates. [critical:yes]
Railing inspection,09/28/2027,09/28/2027,HCI,Not Started,0.00,4000 Metals / Guardrails / Handrails,"Production activity for weekly PM schedule updates. [milestone:yes, critical:yes]"
Railing finish touch-up,09/29/2027,09/29/2027,HCI,Not Started,0.00,4000 Metals / Guardrails / Handrails,Production activity for weekly PM schedule updates. [critical:yes]
Metals punch,09/30/2027,09/30/2027,HCI,Not Started,0.00,4000 Metals / Guardrails / Handrails,Production activity for weekly PM schedule updates. [critical:yes]
Electrical pre-task plan,10/01/2027,10/01/2027,HCI,Not Started,0.00,4100 Electrical / Exterior Lighting / Low Voltage,Production activity for weekly PM schedule updates. [critical:yes]
Confirm exterior lighting fixture schedule,10/04/2027,10/04/2027,HCI,Not Started,0.00,4100 Electrical / Exterior Lighting / Low Voltage,"Production activity for weekly PM schedule updates. [milestone:yes, critical:yes]"
Layout lighting/conduit routes,10/05/2027,10/05/2027,HCI,Not Started,0.00,4100 Electrical / Exterior Lighting / Low Voltage,Production activity for weekly PM schedule updates. [critical:yes]
Rough trench/sleeves for conduit,10/06/2027,10/07/2027,HCI,Not Started,0.00,4100 Electrical / Exterior Lighting / Low Voltage,Production activity for weekly PM schedule updates. [critical:yes]
Install low voltage sleeves,10/08/2027,10/08/2027,HCI,Not Started,0.00,4100 Electrical / Exterior Lighting / Low Voltage,Production activity for weekly PM schedule updates. [critical:yes]
Install lighting bases/boxes,10/11/2027,10/12/2027,HCI,Not Started,0.00,4100 Electrical / Exterior Lighting / Low Voltage,Production activity for weekly PM schedule updates. [critical:yes]
Coordinate snowmelt rough-in at concrete stairs,10/13/2027,10/13/2027,HCI,Not Started,0.00,4100 Electrical / Exterior Lighting / Low Voltage,Production activity for weekly PM schedule updates. [critical:yes]
Pull wire,10/14/2027,10/14/2027,HCI,Not Started,0.00,4100 Electrical / Exterior Lighting / Low Voltage,Production activity for weekly PM schedule updates. [critical:yes]
Terminate exterior lighting circuits,10/15/2027,10/15/2027,HCI,Not Started,0.00,4100 Electrical / Exterior Lighting / Low Voltage,Production activity for weekly PM schedule updates. [critical:yes]
Install exterior fixtures,10/18/2027,10/19/2027,HCI,Not Started,0.00,4100 Electrical / Exterior Lighting / Low Voltage,Production activity for weekly PM schedule updates. [critical:yes]
Program/test lighting controls,10/20/2027,10/20/2027,HCI,Not Started,0.00,4100 Electrical / Exterior Lighting / Low Voltage,Production activity for weekly PM schedule updates. [critical:yes]
Electrical inspection,10/21/2027,10/21/2027,HCI,Not Started,0.00,4100 Electrical / Exterior Lighting / Low Voltage,"Production activity for weekly PM schedule updates. [milestone:yes, critical:yes]"
Electrical punch,10/22/2027,10/22/2027,HCI,Not Started,0.00,4100 Electrical / Exterior Lighting / Low Voltage,Production activity for weekly PM schedule updates. [critical:yes]
Hardscape pre-task plan,10/25/2027,10/25/2027,HCI,Not Started,0.00,4200 Hardscape / Stone / Pavers,Production activity for weekly PM schedule updates. [critical:yes]
Confirm paver/flagstone/gravel selections,10/26/2027,10/26/2027,HCI,Not Started,0.00,4200 Hardscape / Stone / Pavers,"Production activity for weekly PM schedule updates. [milestone:yes, critical:yes]"
Prepare paver base at front walk,10/27/2027,10/28/2027,HCI,Not Started,0.00,4200 Hardscape / Stone / Pavers,Production activity for weekly PM schedule updates. [critical:yes]
Install stone pavers at front walk,10/29/2027,11/02/2027,HCI,Not Started,0.00,4200 Hardscape / Stone / Pavers,Production activity for weekly PM schedule updates. [critical:yes]
Install stone pavers set in gravel,11/03/2027,11/05/2027,HCI,Not Started,0.00,4200 Hardscape / Stone / Pavers,Production activity for weekly PM schedule updates. [critical:yes]
Install gravel parking tie-ins,11/08/2027,11/09/2027,HCI,Not Started,0.00,4200 Hardscape / Stone / Pavers,Production activity for weekly PM schedule updates. [critical:yes]
Install planter assemblies,11/10/2027,11/11/2027,HCI,Not Started,0.00,4200 Hardscape / Stone / Pavers,Production activity for weekly PM schedule updates. [critical:yes]
Install corten planter/fire bowl allowance scope if approved,11/12/2027,11/15/2027,HCI,Not Started,0.00,4200 Hardscape / Stone / Pavers,Production activity for weekly PM schedule updates. [critical:yes]
Install lush stone descent / site steps if selected,11/16/2027,11/18/2027,HCI,Not Started,0.00,4200 Hardscape / Stone / Pavers,Production activity for weekly PM schedule updates. [critical:yes]
Hardscape jointing and adjustments,11/19/2027,11/19/2027,HCI,Not Started,0.00,4200 Hardscape / Stone / Pavers,Production activity for weekly PM schedule updates. [critical:yes]
Hardscape punch,11/22/2027,11/22/2027,HCI,Not Started,0.00,4200 Hardscape / Stone / Pavers,Production activity for weekly PM schedule updates. [critical:yes]
Landscape pre-task plan,11/23/2027,11/23/2027,HCI,Not Started,0.00,4300 Landscape / Irrigation / Restoration,Production activity for weekly PM schedule updates. [critical:yes]
Confirm planting palette,11/24/2027,11/24/2027,HCI,Not Started,0.00,4300 Landscape / Irrigation / Restoration,"Production activity for weekly PM schedule updates. [milestone:yes, critical:yes]"
Irrigation locate/adjustments,11/25/2027,11/25/2027,HCI,Not Started,0.00,4300 Landscape / Irrigation / Restoration,Production activity for weekly PM schedule updates. [critical:yes]
Irrigation rough-in/repairs,11/26/2027,11/29/2027,HCI,Not Started,0.00,4300 Landscape / Irrigation / Restoration,Production activity for weekly PM schedule updates. [critical:yes]
Place topsoil,11/30/2027,11/30/2027,HCI,Not Started,0.00,4300 Landscape / Irrigation / Restoration,Production activity for weekly PM schedule updates. [critical:yes]
Prepare planting beds,12/01/2027,12/02/2027,HCI,Not Started,0.00,4300 Landscape / Irrigation / Restoration,Production activity for weekly PM schedule updates. [critical:yes]
Install plant material,12/03/2027,12/07/2027,HCI,Not Started,0.00,4300 Landscape / Irrigation / Restoration,Production activity for weekly PM schedule updates. [critical:yes]
Mulch/stone finish beds,12/08/2027,12/08/2027,HCI,Not Started,0.00,4300 Landscape / Irrigation / Restoration,Production activity for weekly PM schedule updates. [critical:yes]
Restore areas outside work limits,12/09/2027,12/10/2027,HCI,Not Started,0.00,4300 Landscape / Irrigation / Restoration,Production activity for weekly PM schedule updates. [critical:yes]
Final grading and drainage swales,12/13/2027,12/13/2027,HCI,Not Started,0.00,4300 Landscape / Irrigation / Restoration,Production activity for weekly PM schedule updates. [critical:yes]
Landscape punch,12/14/2027,12/14/2027,HCI,Not Started,0.00,4300 Landscape / Irrigation / Restoration,Production activity for weekly PM schedule updates. [critical:yes]
Pre-punch cleanup,12/15/2027,12/15/2027,HCI,Not Started,0.00,4400 Closeout / Turnover,Production activity for weekly PM schedule updates. [critical:yes]
HCI punch walk,12/16/2027,12/16/2027,HCI,Not Started,0.00,4400 Closeout / Turnover,"Production activity for weekly PM schedule updates. [milestone:yes, critical:yes]"
Owner punch walk,12/17/2027,12/17/2027,HCI,Not Started,0.00,4400 Closeout / Turnover,"Production activity for weekly PM schedule updates. [milestone:yes, critical:yes]"
Complete punch items,12/20/2027,12/22/2027,HCI,Not Started,0.00,4400 Closeout / Turnover,Production activity for weekly PM schedule updates. [critical:yes]
Final concrete/waterproofing/as-built package,12/23/2027,12/23/2027,HCI,Not Started,0.00,4400 Closeout / Turnover,Production activity for weekly PM schedule updates. [critical:yes]
Drainage and utility as-built markups complete,12/24/2027,12/24/2027,HCI,Not Started,0.00,4400 Closeout / Turnover,Production activity for weekly PM schedule updates. [critical:yes]
Warranty collection,12/27/2027,12/27/2027,HCI,Not Started,0.00,4400 Closeout / Turnover,Production activity for weekly PM schedule updates. [critical:yes]
Final inspection,12/28/2027,12/28/2027,HCI,Not Started,0.00,4400 Closeout / Turnover,"Production activity for weekly PM schedule updates. [milestone:yes, critical:yes]"
Demobilize and remove temporary controls,12/29/2027,12/29/2027,HCI,Not Started,0.00,4400 Closeout / Turnover,Production activity for weekly PM schedule updates. [critical:yes]
Final project closeout complete,12/30/2027,12/30/2027,HCI,Not Started,0.00,4400 Closeout / Turnover,"Production activity for weekly PM schedule updates. [milestone:yes, critical:yes]"
